id, nickname, password, consent to mailing
1, Mgkfuaqyw, 940ce9da3b0436c1b52a01e6e035456ec3f90abec9b7411115137ebab09fe395, yes
2, Eenjwuaed, a742b980b41c4dd8b8ccd97d49669fd29d2f05e301e174ebed44f746cd51290e, no
3, Cwjqsogix, f9e38c0436fd8c72427d4420b2d6970ba205242a190ff2e8a35ed9a69f71d282, yes
4, Uuhapiili, e3e9807b5f95ea8ae60ac29c4189d217cd1b8eee52dfc644688d8cde77a5de95, no
5, Mdqcusyhf, 52986b9bac6d8d52b255b80cda01ff00fef4e964969f971d5481ca4ae4e8192d, yes
6, Pvvnevmhz, 296553db92befaebe50aeed1f892e5d371306635e16b59125e4f66c14da4e8d4, no
7, Gvvycnszs, 672953593efbf972ae8534e43c196db65d9b6bfb26d356bf219edf07fc461b62, yes
8, Wpvkrlrxx, 8c70ea84b6dda3dbd4e12f7e8f482651a3930789b8ed8c45e90f8d95853b94c4, yes
9, Dqkskpeag, 95464ae25fa8a45a5d35eaa3cba3d62d80060dd2c983e1d9740fe4ff1789f241, yes
10, Gtrpwbtbx, 355b579682b703db2bcec4e20b001f23622f1320f1bbc06218f2af475c92349d, no
11, Lquvnqxem, 0bfc365071815569d76eaa4af0a85f648f4dbb742a1c89e4bf41d3ab2c2d0e17, no
12, Ajjidacbt, 3ad04f2f18f8efc5341f761c323a093a1fdbb8a1ae2b3484857a4d3917e51f87, yes
13, Smowvdtne, d5e1033ef47e921e186bbf6e61709f7e21195f50a6034568be78d2cacbd837e9, yes
14, Swupvrbhn, e41f3a7ccaf8c757842c6ed2c5b1d3bbf21b765f0879715d307c6ae2ab22e14e, yes
15, Aekxkubpk, ffae43d63ed7cb18872215b137a8c89995eaa960121a8037f9b41bdb9c936ec3, no
16, Ufmzxzkxe, 2b95743ad2d9a443fb78602948f7a4af38520f50e09c0953bea708a4d287b1b9, no
17, Twgjuwfds, d91e0bdbbb19c5db216f33fbd9f2fc7ca31e10dea48357d8f88515a14e7c55a9, yes
18, Mmhzzvnfq, 87e6bdcd4a608919f9fa1a653ed14dab2efa3b62d9703abdeda78e85543835af, no
19, Mywpkgnif, 89baf47cf62c03df50a03d0fa04c2d6be990587d6859f86e0c1acaaaa6371dcb, yes
20, Wjsxyjynw, 485d66aef480d8e3371def8c93c8d14661e515e583141718172943576851a3db, no
21, Jkhzmyows, 76fddbe00da645237a152f86640c9590bdfd336c8058ebbf46345f243aa18725, no
22, Dnefimhpt, 6809a0202bd4b95509a03f41e1a072d81187fa9da5b828e72bf3824e8d3ddae0, no
23, Muxwiuhhf, 50b01bc2567f7aa76898b2e31431e4acd95fc1d95f7383c7e7b2a813b86fc2f4, no
24, Ibsyoonin, 30343976239be51fe88f71f941027e63dc0e4add8325588fbd18f553717125a2, yes
25, Uxjeiojvl, b477de8645307f9f3b900a3d41a08dba6e75f050f6dc8a58342bcc4054a540b2, yes
26, Ouaiysqvu, e0ae93b10b865230235d0ebe4a229a532f1409affeaedd56190e1767127362a7, yes
27, Ggirmjwqo, b7a3d61f1a079e8f7ba57fadc94d786a26afaaadfd499eb7c46f8841abe00f2c, yes
28, Yqfsxiuhr, 6ed2355571fde1cd3c00d0eef51bd549d5277e9432a423f35dd93b349d8d379e, no
29, Lbivnpxga, c70b419965f7cfd8f81679f6183954a246efc48a9b8acc863942ee4f4eb72057, yes